{"cameraMode":{"drawMode":0,"name":"Shaded","section":"Shading Mode"},"sceneLighting":false,"audioPlay":false,"sceneViewState":{"m_AlwaysRefresh":false,"showFog":true,"showSkybox":false,"showFlares":true,"showImageEffects":true,"showParticleSystems":true,"showVisualEffectGraphs":true,"m_FxEnabled":true},"in2DMode":false,"pivot":{"x":-0.006173528265208006,"y":-0.8254884481430054,"z":-2.025167226791382},"rotation":{"x":-0.04953651875257492,"y":-0.9471035599708557,"z":0.2627052664756775,"w":-0.1778845638036728},"size":2.5643436908721926,"orthographic":false}