{"cameraMode":{"drawMode":0,"name":"Shaded","section":"Shading Mode"},"sceneLighting":false,"audioPlay":false,"sceneViewState":{"m_AlwaysRefresh":false,"showFog":true,"showSkybox":false,"showFlares":true,"showImageEffects":true,"showParticleSystems":true,"showVisualEffectGraphs":true,"m_FxEnabled":true},"in2DMode":false,"pivot":{"x":1.7881393432617188e-7,"y":1.4901161193847657e-7,"z":-1.1362214088439942},"rotation":{"x":0.3820257782936096,"y":-0.06499962508678436,"z":0.027140146121382715,"w":0.9215147495269775},"size":0.8888648152351379,"orthographic":false}