{"cameraMode":{"drawMode":0,"name":"Shaded","section":"Shading Mode"},"sceneLighting":false,"audioPlay":false,"sceneViewState":{"m_AlwaysRefresh":false,"showFog":true,"showSkybox":false,"showFlares":true,"showImageEffects":true,"showParticleSystems":true,"showVisualEffectGraphs":true,"m_FxEnabled":true},"in2DMode":false,"pivot":{"x":-1.0683057308197022,"y":4.172325134277344e-7,"z":0.7141380906105042},"rotation":{"x":0.3820257782936096,"y":-0.06499962508678436,"z":0.027140146121382715,"w":0.9215147495269775},"size":0.9339492917060852,"orthographic":false}