{"cameraMode":{"drawMode":0,"name":"Shaded","section":"Shading Mode"},"sceneLighting":false,"audioPlay":false,"sceneViewState":{"m_AlwaysRefresh":false,"showFog":true,"showSkybox":false,"showFlares":true,"showImageEffects":true,"showParticleSystems":true,"showVisualEffectGraphs":true,"m_FxEnabled":true},"in2DMode":false,"pivot":{"x":0.5917822122573853,"y":1.5152764320373536,"z":-0.15234363079071046},"rotation":{"x":0.33019423484802248,"y":-0.4024297297000885,"z":0.15858054161071778,"w":0.8390320539474487},"size":0.8660253882408142,"orthographic":false}