{"cameraMode":{"drawMode":0,"name":"Shaded","section":"Shading Mode"},"sceneLighting":false,"audioPlay":false,"sceneViewState":{"m_AlwaysRefresh":false,"showFog":true,"showSkybox":false,"showFlares":true,"showImageEffects":true,"showParticleSystems":true,"showVisualEffectGraphs":true,"m_FxEnabled":true},"in2DMode":false,"pivot":{"x":0.32752180099487307,"y":0.16928032040596009,"z":-2.532707452774048},"rotation":{"x":0.03495175391435623,"y":0.9649961590766907,"z":-0.1713864952325821,"w":0.19566942751407624},"size":2.787720203399658,"orthographic":false}