{"cameraMode":{"drawMode":0,"name":"Shaded","section":"Shading Mode"},"sceneLighting":false,"audioPlay":false,"sceneViewState":{"m_AlwaysRefresh":false,"showFog":true,"showSkybox":false,"showFlares":true,"showImageEffects":true,"showParticleSystems":true,"showVisualEffectGraphs":true,"m_FxEnabled":true},"in2DMode":false,"pivot":{"x":-0.8884888887405396,"y":-1.341104507446289e-7,"z":-0.8884889483451843},"rotation":{"x":0.35161158442497256,"y":-0.07815763354301453,"z":0.029668042436242105,"w":0.9324539303779602},"size":1.2679150104522706,"orthographic":false}